run, evt, int, seg, x, y, z, e
111, 1, 1, 15, -30.27,  0.11, 23.47,    2.78
111, 2, 1, 15, -27.55, -4.28, 27.28,    2.78
111, 3, 1, 15, -29.05, -2.03, 26.46,    2.78
111, 4, 1, 15, -28.69,  3.99, 31.04,    2.79
111, 5, 1, 15, -29.63,  5.07, 31.50,    2.78
111, 6, 1, 15, -27.28, -5.90, 29.82,    2.79
111, 7, 1, 15, -28.18, 14.44, 28.36,    2.77
111, 8, 1, 15, -27.84, -1.82, 30.41,    2.79
111, 9, 1, 15, -30.99, -38.37, 35.43,    2.78
111, 10, 1, 15, -28.43,  8.72, 27.12,    2.78
111, 11, 1, 15, -28.21, -5.02, 26.19,    2.79
111, 12, 1, 15, -29.20,  2.86, 26.24,    2.80
111, 13, 1, 15, -28.46,  5.56, 28.70,    2.78
111, 14, 1, 15, -27.38,  5.94, 26.07,    2.78
111, 15, 1, 15, -27.62,  3.23, 28.40,    2.80
111, 16, 1, 15, -29.07, -6.90, 20.97,    2.81
111, 17, 1, 15, -28.37,  6.15, 27.20,    2.77
111, 18, 1, 15, -27.40, -2.29, 31.29,    2.80
111, 19, 1, 15, -30.44, -2.63, 33.69,    2.81
111, 20, 1, 15, -29.26, -7.47, 28.33,    2.79
111, 21, 1, 15, -28.52,  2.54, 25.35,    2.78
111, 22, 1, 15, -27.78,  3.79, 28.95,    2.79
111, 23, 1, 15, -29.37, -0.61, 27.58,    2.81
111, 24, 1, 15, -29.22, -4.22, 23.18,    2.81
111, 25, 1, 15, -26.25, -3.56, 31.12,    2.78
111, 26, 1, 15, -30.79,  2.92, 26.24,    2.78
111, 27, 1, 15, -28.21, -4.92, 25.90,    2.80
111, 28, 1, 15, -26.46,  2.92, 28.79,    2.78
111, 29, 1, 15, -29.25, -12.27, 31.06,    2.77
111, 30, 1, 15, -27.19,  3.42, 32.77,    2.79
111, 31, 1, 15, -29.82,  0.77, 28.47,    2.79
111, 32, 1, 15, -27.92, -6.50, 24.83,    2.79
111, 33, 1, 15, -26.18, -4.57, 31.58,    2.80
111, 34, 1, 15, -27.85, -4.32, 27.24,    2.79
111, 35, 1, 15, -27.12,  2.03, 30.48,    2.80
111, 36, 1, 15, -28.14, -3.32, 29.06,    2.79
111, 37, 1, 15, -25.88,  3.88, 33.64,    2.78
111, 38, 1, 15, -28.56, -1.42, 32.83,    2.73
111, 39, 1, 15, -28.26,  2.92, 28.28,    2.78
111, 40, 1, 15, -27.82,  2.57, 29.95,    2.80
111, 41, 1, 15, -27.41, -6.40, 27.62,    2.80
111, 42, 1, 15, -29.30,  2.37, 24.94,    2.79
111, 43, 1, 15, -27.16,  3.05, 30.06,    2.81
111, 44, 1, 15, -25.85,  4.91, 31.37,    2.79
111, 45, 1, 15, -28.76,  0.45, 27.39,    2.80
111, 46, 1, 15, -28.26, 21.56, 32.97,    2.78
111, 47, 1, 15, -27.45,  4.34, 34.15,    2.80
111, 48, 1, 15, -29.30, -1.37, 27.11,    2.82
111, 49, 1, 15, -27.51,  2.44, 29.94,    2.81
111, 50, 1, 15, -26.19, -5.56, 28.43,    2.78
111, 51, 1, 15, -28.75, -3.48, 25.02,    2.80
111, 52, 1, 15, -28.64,  6.51, 27.87,    2.77
111, 53, 1, 15, -30.03, -5.21, 33.56,    2.81
111, 54, 1, 15, -27.85, -5.27, 29.48,    2.81
111, 55, 1, 15, -27.30,  4.99, 27.38,    2.79
111, 56, 1, 15, -28.36, 15.64, 31.90,    2.75
111, 57, 1, 15, -28.61,  5.95, 28.35,    2.77
111, 58, 1, 15, -30.28, -4.29, 34.43,    2.79
111, 59, 1, 15, -27.59, -3.34, 25.67,    2.79
111, 60, 1, 15, -29.03,  0.62, 27.96,    2.76
111, 61, 1, 15, -28.12, -7.08, 30.64,    2.81
111, 62, 1, 15, -28.87, 19.38, 32.64,    2.76
111, 63, 1, 15, -26.54, 21.53, 31.68,    2.80
111, 64, 1, 15, -27.77,  2.38, 29.03,    2.80
111, 65, 1, 15, -26.85,  3.62, 32.26,    2.78
111, 66, 1, 15, -29.01, -1.08, 28.13,    2.80
111, 67, 1, 15, -27.43, -1.87, 30.13,    2.79
111, 68, 1, 15, -27.76,  5.99, 31.15,    2.79
113, 1, 1, 15, -9.55, -0.57, 30.95,    2.75
113, 2, 1, 15, -10.08, -0.54, 29.33,    2.78
113, 3, 1, 15, -9.79,  1.36, 28.26,    2.78
113, 4, 1, 15, -8.40, -0.04, 28.97,    2.82
113, 5, 1, 15, -10.05,  1.20, 28.60,    2.76
113, 6, 1, 15, -11.34,  1.39, 27.98,    2.79
113, 7, 1, 15, -9.75,  0.85, 27.29,    2.80
113, 8, 1, 15, -8.96,  1.55, 32.88,    2.76
113, 9, 1, 15, -10.19,  1.33, 28.01,    2.77
113, 10, 1, 15, -9.65,  1.28, 28.12,    2.76
113, 11, 1, 15, -9.33, -0.10, 29.14,    2.77
113, 12, 1, 15, -10.00, -0.52, 30.57,    2.76
113, 13, 1, 15, -9.75,  1.12, 29.68,    2.78
113, 14, 1, 15, -9.72,  0.96, 29.03,    2.79
113, 15, 1, 15, -9.79,  1.05, 26.17,    2.75
113, 16, 1, 15, -10.89, -0.53, 28.26,    2.76
113, 17, 1, 15, -15.77, 16.83, 27.59,    2.60
113, 18, 1, 15, -9.57, -0.33, 26.98,    2.80
113, 19, 1, 15, -9.91,  1.13, 27.58,    2.75
113, 20, 1, 15, -7.70,  0.87, 34.86,    2.76
113, 21, 1, 15, -9.45,  0.97, 28.11,    2.80
113, 22, 1, 15, -9.83,  1.34, 26.80,    2.79
113, 23, 1, 15, -9.61,  0.87, 27.74,    2.77
113, 24, 1, 15, -8.14,  0.99, 32.57,    2.76
113, 25, 1, 15, -9.60,  0.94, 28.80,    2.79
113, 26, 1, 15, -7.82,  0.88, 34.06,    2.75
113, 27, 1, 15, -10.49, -0.73, 27.20,    2.77
113, 28, 1, 15, -8.51,  0.92, 31.05,    2.80
113, 29, 1, 15, -9.56,  0.99, 31.06,    2.76
113, 30, 1, 15, -8.93,  0.96, 29.94,    2.80
113, 31, 1, 15, -31.56,  4.78, 37.95,    2.80
113, 32, 1, 15, -9.57,  1.00, 31.27,    2.82
113, 33, 1, 15, -9.40,  1.12, 27.75,    2.82
113, 34, 1, 15, -10.86, -0.82, 27.18,    2.77
113, 35, 1, 15, -16.85, 10.88, 29.82,    2.61
113, 36, 1, 15, -16.30, 15.19, 29.49,    2.62
113, 37, 1, 15, -9.52,  1.04, 29.97,    2.78
113, 38, 1, 15, -9.91,  0.94, 25.90,    2.77
113, 39, 1, 15, -10.31,  1.01, 26.22,    2.74
113, 40, 1, 15, -11.03, -0.72, 27.09,    2.78
113, 41, 1, 15, -17.13, 28.29, 32.96,    2.59
113, 42, 1, 15, -9.39,  1.38, 32.71,    2.77
114, 1, 1, 9, -25.96, -7.47, 21.80,    2.83
114, 2, 1, 9, -26.70, -9.03, 22.27,    2.85
114, 3, 1, 9, -27.23,  6.36, 16.45,    2.77
114, 4, 1, 9, -28.34, -8.36, 18.71,    2.80
114, 5, 1, 9, -28.04,  4.20, 22.31,    2.81
114, 6, 1, 9, -25.90, -10.04, 22.30,    2.80
114, 7, 1, 9, -27.52, -8.73, 20.57,    2.83
114, 8, 1, 9, -25.69, -8.17, 21.98,    2.80
114, 9, 1, 9, -23.16, -5.90,  9.76,    2.84
114, 10, 1, 9, -27.70, -6.01, 19.53,    2.84
114, 11, 1, 9, -26.18, -9.08, 22.08,    2.80
114, 12, 1, 9, -27.38,  3.74, 17.71,    2.77
114, 13, 1, 9, -27.01, -8.97, 21.38,    2.83
114, 14, 1, 9, -25.43, -7.80, 20.79,    2.83
114, 15, 1, 9, -27.47, -3.09, 22.50,    2.80
114, 16, 1, 9, -27.51, -7.80, 20.46,    2.84
114, 17, 1, 9, -27.07, -8.21, 19.10,    2.80
114, 18, 1, 9, -25.85, -8.67, 21.98,    2.80
114, 19, 1, 9, -26.70, -7.54, 21.95,    2.80
114, 20, 1, 9, -25.78, -7.82, 22.24,    2.79
114, 21, 1, 9, -27.25, -8.25, 22.30,    2.83
114, 22, 1, 9, -25.67, -7.30, 22.64,    2.79
114, 23, 1, 9, -28.38, -7.18, 18.13,    2.79
114, 24, 1, 9, -26.41, -8.35, 22.29,    2.85
114, 25, 1, 9, -27.03, -7.36, 19.97,    2.81
114, 26, 1, 9, -25.63, -8.37, 22.19,    2.81
114, 27, 1, 9, -26.84, -8.21, 22.06,    2.83
114, 28, 1, 9, -27.52, -8.01, 18.82,    2.79
114, 29, 1, 9, -27.83, -2.24, 23.03,    2.81
114, 30, 1, 9, -23.46, -3.71, 10.87,    2.84
114, 31, 1, 9, -27.14, -8.18, 19.42,    2.82
114, 32, 1, 9, -26.85, -8.62, 22.04,    2.87
114, 33, 1, 9, -25.70, 30.18, 16.60,    2.76
114, 34, 1, 9, -26.38, -7.66, 22.47,    2.84
114, 35, 1, 9, -27.17, -8.04, 19.48,    2.80
114, 36, 1, 9, -27.21, -8.24, 18.15,    2.81
114, 37, 1, 9, -27.20,  4.07, 18.07,    2.75
114, 38, 1, 9, -23.36, -5.42,  9.58,    2.83
114, 39, 1, 9, -25.58, -7.73, 21.95,    2.81
114, 40, 1, 9, -25.09, 15.35, 16.63,    2.79
114, 1, 1, 15, -26.89, -2.39, 21.50,    2.76
114, 2, 1, 15, -26.28, -5.25, 25.80,    2.80
114, 3, 1, 15, -27.05, 14.68, 24.94,    2.79
114, 4, 1, 15, -25.68, -6.99, 24.28,    2.81
114, 5, 1, 15, -27.20,  2.29, 32.36,    2.74
114, 6, 1, 15, -26.15, -5.08, 24.81,    2.77
114, 7, 1, 15, -27.69,  1.78, 24.31,    2.79
114, 8, 1, 15, -24.94, -8.18, 23.24,    2.83
114, 9, 1, 15, -26.14, -8.27, 24.80,    2.78
114, 10, 1, 15, -25.28, -10.29, 26.02,    2.80
114, 11, 1, 15, -26.00, -7.69, 23.85,    2.81
114, 12, 1, 15, -25.77, -14.95, 27.67,    2.80
114, 13, 1, 15, -28.35,  6.83, 26.84,    2.80
114, 14, 1, 15, -23.43, -6.65, 27.50,    2.78
114, 15, 1, 15, -25.60, -6.86, 28.50,    2.83
114, 16, 1, 15, -27.24, 15.08, 26.55,    2.78
114, 17, 1, 15, -27.87,  9.74, 27.45,    2.78
114, 18, 1, 15, -25.18, -8.74, 23.43,    2.81
114, 19, 1, 15, -26.02, -2.28, 27.42,    2.79
114, 20, 1, 15, -24.32, -7.14, 26.33,    2.80
114, 21, 1, 15, -24.73, -7.39, 25.49,    2.79
114, 22, 1, 15, -26.42,  4.33, 26.86,    2.82
114, 23, 1, 15, -25.73, -7.97, 24.55,    2.79
114, 24, 1, 15, -27.76,  3.94, 26.52,    2.78
114, 25, 1, 15, -25.56, -8.31, 24.07,    2.82
114, 26, 1, 15, -27.06, -2.67, 24.37,    2.78
114, 27, 1, 15, -25.63, -7.81, 24.93,    2.81
114, 28, 1, 15, -23.50, -5.06, 29.41,    2.80
114, 29, 1, 15, -23.16, 10.02, 32.78,    2.82
114, 30, 1, 15, -27.90, -1.24, 24.21,    2.80
114, 31, 1, 15, -25.34, -8.43, 24.05,    2.76
114, 32, 1, 15, -27.20,  2.45, 25.14,    2.80
114, 33, 1, 15, -24.70, -8.27, 24.10,    2.79
114, 34, 1, 15, -27.92,  2.19, 24.75,    2.80
114, 35, 1, 15, -23.20,  7.75, 28.24,    2.79
114, 36, 1, 15, -27.30,  2.64, 26.05,    2.79
114, 37, 1, 15, -24.00, -6.05, 26.92,    2.81
114, 38, 1, 15, -27.68, -10.16, 21.95,    2.79
114, 39, 1, 15, -26.88, -10.57, 24.43,    2.78
114, 40, 1, 15, -28.14, 20.00, 22.95,    2.82
114, 41, 1, 15, -26.64, -2.23, 25.76,    2.81
114, 42, 1, 15, -26.74, -4.00, 24.24,    2.78
114, 43, 1, 15, -27.79, -10.90, 24.24,    2.76
114, 44, 1, 15, -27.11, -4.47, 23.15,    2.73
114, 45, 1, 15, -23.78, -6.80, 32.45,    2.82
114, 46, 1, 15, -26.96, -12.83, 27.82,    2.78
114, 47, 1, 15, -25.67,  3.41, 27.86,    2.80
114, 48, 1, 15, -27.74, 23.11, 31.83,    2.78
114, 49, 1, 15, -27.81,  2.13, 25.52,    2.77
114, 50, 1, 15, -25.94, -7.40, 25.32,    2.78
114, 51, 1, 15, -25.36, -6.43, 25.09,    2.80
114, 52, 1, 15, -25.70, -8.80, 23.11,    2.79
114, 53, 1, 15, -25.13, -8.29, 23.23,    2.79
114, 54, 1, 15, -24.60, -6.09, 27.46,    2.83
114, 55, 1, 15, -24.20, -7.59, 27.77,    2.77
114, 56, 1, 15, -25.69, -8.50, 23.47,    2.81
114, 57, 1, 15, -24.64, -6.11, 26.97,    2.81
114, 58, 1, 15, -25.20,  4.92, 27.61,    2.77
125, 1, 1, 15, -16.73, -14.32, 32.35,    2.76
125, 2, 1, 15, -17.53, -17.94, 34.25,    2.77
125, 3, 1, 15, -17.19, -13.95, 32.00,    2.77
125, 4, 1, 15, -17.94, -5.39, 31.06,    2.77
125, 5, 1, 15, -14.82, -4.46, 35.38,    2.80
125, 6, 1, 15, -16.50, -8.93, 32.06,    2.76
125, 7, 1, 15, -17.77,  1.69, 30.95,    2.80
125, 8, 1, 15, -18.16, -5.37, 26.56,    2.77
125, 9, 1, 15, -14.89, -4.75, 32.86,    2.81
125, 10, 1, 15, -18.11, -3.97, 29.58,    2.79
125, 11, 1, 15, -17.51, -3.05, 30.05,    2.76
125, 12, 1, 15, -14.85, -5.01, 34.70,    2.79
125, 13, 1, 15, -15.67, -5.52, 32.55,    2.79
125, 14, 1, 15, -17.95, -4.20, 29.15,    2.76
125, 15, 1, 15, -13.50, -0.51, 35.65,    2.83
125, 16, 1, 15, -17.79, -4.30, 31.12,    2.80
125, 17, 1, 15, -16.35, -9.41, 34.74,    2.77
125, 18, 1, 15, -17.62, -4.94, 29.89,    2.78
125, 19, 1, 15, -17.23, -4.89, 32.55,    2.78
125, 20, 1, 15, -18.40,  5.26, 31.64,    2.79
125, 21, 1, 15, -17.13, -4.37, 32.68,    2.80
125, 22, 1, 15, -20.61, 24.90, 41.88,    2.75
125, 23, 1, 15, -17.75, -4.78, 31.54,    2.81
125, 24, 1, 15, -17.17, -5.41, 31.74,    2.79
125, 25, 1, 15, -16.20, -23.36, 34.36,    2.75
125, 26, 1, 15, -14.37, -14.09, 36.64,    2.75
125, 27, 1, 15, -19.17, -14.89, 30.21,    2.77
125, 28, 1, 15, -15.53, -4.37, 34.84,    2.78
125, 29, 1, 15, -20.21, 32.34, 38.68,    2.76
125, 30, 1, 15, -18.58, -8.83, 30.77,    2.77
125, 31, 1, 15, -17.27, -5.36, 29.54,    2.78
125, 32, 1, 15, -17.89,  2.23, 30.57,    2.80
125, 33, 1, 15, -19.91, -4.17, 30.12,    2.74
125, 34, 1, 15, -17.30, -4.66, 28.48,    2.77
125, 35, 1, 15, -16.70, -4.74, 32.37,    2.79
125, 36, 1, 15, -17.30, -4.24, 29.77,    2.79
125, 37, 1, 15, -18.64,  3.97, 26.86,    2.78
125, 38, 1, 15, -17.79,  5.61, 33.95,    2.74
125, 39, 1, 15, -17.71, -22.35, 29.34,    2.76
125, 40, 1, 15, -17.80, -4.85, 29.73,    2.76
125, 41, 1, 15, -16.03, -4.39, 34.77,    2.76
125, 42, 1, 15, -20.54, 36.05, 35.14,    2.74
125, 43, 1, 15, -17.39, -4.74, 31.47,    2.79
125, 44, 1, 15, -20.45,  3.98, 26.30,    2.78
125, 45, 1, 15, -16.38, -5.31, 31.30,    2.78
125, 46, 1, 15, -16.07, -15.68, 31.96,    2.80
125, 47, 1, 15, -19.26, 40.76, 35.88,    2.75
125, 48, 1, 15, -17.30, -4.11, 31.33,    2.80
125, 49, 1, 15, -18.07,  3.46, 26.73,    2.76
126, 1, 1, 9, -20.66, 29.97, 25.00,    2.77
126, 2, 1, 9, -19.23,  2.12, 19.56,    2.78
126, 3, 1, 9, -18.35,  3.94, 25.02,    2.77
126, 4, 1, 9, -18.20,  1.66, 23.00,    2.80
126, 5, 1, 9, -18.43, -1.11, 22.78,    2.80
126, 6, 1, 9, -19.01,  1.38, 20.53,    2.79
126, 7, 1, 9, -20.57, 23.47, 20.84,    2.79
126, 8, 1, 9, -17.70,  9.25, 21.80,    2.72
126, 9, 1, 9, -18.76,  1.43, 22.22,    2.78
126, 10, 1, 9, -18.78,  1.33, 21.96,    2.79
126, 11, 1, 9, -19.77, 34.06, 21.54,    2.75
126, 12, 1, 9, -18.77, -0.25, 22.27,    2.74
126, 13, 1, 9, -18.57,  4.92, 21.73,    2.76
126, 14, 1, 9, -17.62,  4.00, 23.84,    2.80
126, 15, 1, 9, -19.26, 23.35, 22.24,    2.75
126, 16, 1, 9, -19.67, 21.71, 20.01,    2.76
126, 17, 1, 9, -18.18,  2.10, 22.51,    2.78
126, 18, 1, 9, -19.39, -1.22, 21.15,    2.79
126, 19, 1, 9, -20.13, 18.79, 20.44,    2.77
126, 20, 1, 9, -20.42, 16.67, 20.64,    2.77
126, 21, 1, 9, -19.92, 27.23, 24.92,    2.80
126, 22, 1, 9, -19.95, -1.74, 17.07,    2.80
126, 23, 1, 9, -21.98, 14.55, 19.81,    2.82
126, 24, 1, 9, -19.65,  1.20, 19.34,    2.79
126, 25, 1, 9, -20.46,  1.84, 21.65,    2.78
126, 26, 1, 9, -19.08, 29.16, 22.13,    2.79
126, 27, 1, 9, -18.61, -0.17, 20.44,    2.79
126, 28, 1, 9, -18.97,  2.09, 23.80,    2.82
126, 29, 1, 9, -18.99, 11.03, 24.96,    2.78
126, 30, 1, 9, -17.62,  1.62, 23.09,    2.78
126, 31, 1, 9, -19.42,  2.70, 19.20,    2.79
126, 32, 1, 9, -17.06, -2.31, 15.95,    2.75
126, 33, 1, 9, -17.69, 46.30, 22.12,    2.79
126, 34, 1, 9, -21.03, 37.76, 20.54,    2.80
126, 35, 1, 9, -18.19,  3.08, 24.67,    2.78
126, 36, 1, 9, -19.46, 15.55, 25.43,    2.78
126, 37, 1, 9, -20.29, 20.00, 25.10,    2.78
126, 38, 1, 9, -18.12,  1.79, 23.40,    2.78
126, 39, 1, 9, -16.66,  1.53, 23.24,    2.77
126, 40, 1, 9, -18.46,  1.66, 22.30,    2.80
126, 41, 1, 9, -19.25, 24.33, 21.96,    2.79
126, 42, 1, 9, -19.19, 11.11, 16.27,    2.77
126, 43, 1, 9, -20.49, 22.03, 20.85,    2.80
126, 44, 1, 9, -19.61, 23.50, 21.49,    2.79
126, 1, 1, 15, -16.35,  0.99, 27.53,    2.81
126, 2, 1, 15, -17.39, -1.65, 26.97,    2.80
126, 3, 1, 15, -25.30, -6.58, 35.77,    2.81
126, 4, 1, 15, -17.30, -2.28, 25.02,    2.79
126, 5, 1, 15, -17.96,  1.12, 25.13,    2.77
126, 6, 1, 15, -16.35,  0.55, 20.12,    2.80
126, 7, 1, 15, -17.55, -5.79, 26.31,    2.79
126, 8, 1, 15, -17.83,  1.87, 27.15,    2.79
126, 9, 1, 15, -17.30,  1.22, 28.01,    2.78
126, 10, 1, 15, -18.82, -8.98, 28.02,    2.75
126, 11, 1, 15, -19.97, 13.69, 31.31,    2.76
126, 12, 1, 15, -16.43, -1.96, 25.00,    2.79
126, 13, 1, 15, -17.19,  0.92, 27.97,    2.79
126, 14, 1, 15, -16.70, -0.54, 27.47,    2.78
126, 15, 1, 15, -14.61, -1.76, 31.91,    2.78
126, 16, 1, 15, -17.03, -1.42, 27.05,    2.78
126, 17, 1, 15, -20.75, 22.42, 32.60,    2.66
126, 18, 1, 15, -17.00, -2.61, 27.70,    2.79
126, 19, 1, 15, -17.17,  0.87, 25.47,    2.80
126, 20, 1, 15, -17.23, -0.70, 25.82,    2.82
126, 21, 1, 15, -16.56, -2.31, 26.60,    2.80
126, 22, 1, 15, -16.74, -1.20, 27.03,    2.78
126, 23, 1, 15, -15.25, -0.81, 28.69,    2.82
126, 24, 1, 15, -19.56, 23.57, 56.99,    2.71
126, 25, 1, 15, -18.28,  1.62, 31.37,    2.74
126, 26, 1, 15, -18.03, -0.59, 25.41,    2.80
126, 27, 1, 15, -17.20, -1.55, 26.40,    2.82
126, 28, 1, 15, -17.27, -2.07, 26.06,    2.80
126, 29, 1, 15, -16.78,  0.51, 27.64,    2.79
126, 30, 1, 15, -17.89,  0.50, 27.95,    2.80
126, 31, 1, 15, -16.16, -2.69, 35.55,    2.76
126, 32, 1, 15, -17.64, -1.34, 24.62,    2.76
126, 33, 1, 15, -16.54,  5.25, 20.35,    2.77
126, 34, 1, 15, -17.33, -1.08, 25.73,    2.83
126, 35, 1, 15, -15.81, -2.47, 31.43,    2.79
126, 36, 1, 15, -17.78, -0.88, 24.94,    2.79
126, 37, 1, 15, -17.71, -12.14, 31.59,    2.75
126, 38, 1, 15, -16.31, -2.51, 27.86,    2.77
126, 39, 1, 15, -16.46, -2.21, 27.98,    2.77
126, 40, 1, 15, -16.44, -2.12, 25.76,    2.84
126, 41, 1, 15, -22.09, -3.54, 48.93,    2.74
126, 42, 1, 15, -18.08, -12.27, 35.16,    2.77
126, 43, 1, 15, -14.90, -0.15, 26.01,    2.80
142, 1, 1, 15, -16.07, 12.58, 32.00,    2.86
142, 2, 1, 15, -19.38, -2.61, 26.91,    2.79
142, 3, 1, 15, -16.77, 11.03, 34.30,    2.77
142, 4, 1, 15, -17.17, 10.65, 32.81,    2.77
142, 5, 1, 15, -17.51,  9.18, 35.09,    2.77
142, 6, 1, 15, -18.22,  4.58, 29.13,    2.80
142, 7, 1, 15, -17.45, 12.55, 32.73,    2.77
142, 8, 1, 15, -17.74,  7.29, 28.96,    2.78
142, 9, 1, 15, -16.95, -1.15, 36.52,    2.81
142, 10, 1, 15, -15.54,  0.73, 31.74,    2.73
142, 11, 1, 15, -12.89, 15.16, 32.44,    2.74
142, 12, 1, 15, -16.26, 12.86, 32.93,    2.77
142, 13, 1, 15, -18.56,  6.46, 25.86,    2.80
142, 14, 1, 15, -16.80,  5.29, 27.80,    2.80
142, 15, 1, 15, -18.23,  5.79, 24.95,    2.80
142, 16, 1, 15, -15.91,  6.65, 31.36,    2.80
142, 17, 1, 15, -14.49, 11.72, 33.92,    2.81
142, 18, 1, 15, -16.86, 14.61, 33.42,    2.85
142, 19, 1, 15, -15.89,  9.53, 30.47,    2.84
142, 20, 1, 15, -19.15,  9.16, 33.08,    2.79
142, 21, 1, 15, -17.92,  9.33, 31.87,    2.87
142, 22, 1, 15, -17.02,  6.63, 28.08,    2.83
142, 23, 1, 15, -17.56,  9.47, 30.54,    2.80
142, 24, 1, 15, -18.99,  6.82, 24.54,    2.82
142, 25, 1, 15, -17.87, 13.66, 31.09,    2.86
142, 26, 1, 15, -20.40, -36.74, 30.26,    2.69
142, 27, 1, 15, -16.98, 14.96, 32.43,    2.85
142, 28, 1, 15, -17.06, 28.35, 35.16,    2.76
142, 29, 1, 15, -16.82, 11.10, 32.96,    2.78
142, 30, 1, 15, -16.99,  7.82, 31.41,    2.87
142, 31, 1, 15, -16.29, 13.91, 32.22,    2.81
142, 32, 1, 15, -17.47, 48.11, 34.10,    2.76
142, 33, 1, 15, -16.01,  5.97, 35.80,    2.78
142, 34, 1, 15, -16.34,  5.93, 35.36,    2.78
142, 35, 1, 15, -17.23,  9.12, 28.14,    2.84
142, 36, 1, 15, -18.62,  6.54, 27.09,    2.79
142, 37, 1, 15, -17.47,  9.90, 33.06,    2.80
142, 38, 1, 15, -18.07, 12.07, 28.74,    2.86
142, 39, 1, 15, -18.75,  6.34, 30.71,    2.79
143, 1, 1, 9, -28.46, -1.09, 21.57,    2.84
143, 2, 1, 9, -27.07, 23.50, 18.81,    2.80
143, 3, 1, 9, -27.14, 18.75, 20.93,    2.78
143, 4, 1, 9, -25.59, 16.93, 19.32,    2.82
143, 5, 1, 9, -25.10, 18.45, 16.17,    2.77
143, 6, 1, 9, -28.79, -0.95, 27.41,    2.80
143, 7, 1, 9, -26.15, 20.83, 20.50,    2.77
143, 8, 1, 9, -26.02, 18.54, 20.23,    2.79
143, 9, 1, 9, -25.95, 20.46, 16.97,    2.78
143, 10, 1, 9, -26.34, 19.46, 17.57,    2.78
143, 11, 1, 9, -27.32,  4.89, 16.29,    2.81
143, 12, 1, 9, -27.16, 14.79, 18.76,    2.80
143, 13, 1, 9, -24.38,  9.92, 22.20,    2.77
143, 14, 1, 9, -26.03,  9.23, 21.09,    2.80
143, 15, 1, 9, -24.74, 42.59, 16.54,    2.78
143, 16, 1, 9, -26.16, 14.17, 19.87,    2.78
143, 17, 1, 9, -27.72,  4.34, 21.26,    2.81
143, 18, 1, 9, -28.22,  0.75, 18.90,    2.82
143, 19, 1, 9, -26.11, 21.81, 18.59,    2.78
143, 20, 1, 9, -24.54, 18.56, 18.76,    2.78
143, 21, 1, 9, -25.27, 24.42, 17.19,    2.76
143, 22, 1, 9, -28.64,  0.38, 22.24,    2.82
143, 23, 1, 9, -25.55, 25.48, 19.66,    2.73
143, 24, 1, 9, -25.81, 15.14, 17.75,    2.79
143, 25, 1, 9, -28.48,  0.09, 22.13,    2.83
143, 26, 1, 9, -28.78,  1.63, 24.82,    2.81
143, 27, 1, 9, -26.65, 19.82, 18.54,    2.80
143, 28, 1, 9, -25.28, 36.62, 16.99,    2.78
143, 29, 1, 9, -25.90, 19.50, 19.99,    2.79
143, 30, 1, 9, -26.21, 19.08, 19.10,    2.79
143, 31, 1, 9, -28.74,  0.55, 22.03,    2.82
143, 32, 1, 9, -26.15, 18.90, 17.75,    2.78
143, 33, 1, 9, -23.20, 23.74, 16.18,    2.80
143, 34, 1, 9, -28.76,  0.89, 22.49,    2.82
143, 35, 1, 9, -28.76,  0.69, 21.63,    2.80
143, 36, 1, 9, -27.65, -1.04, 22.11,    2.81
143, 37, 1, 9, -25.54, 22.75, 19.22,    2.77
143, 38, 1, 9, -25.35, 17.39, 19.50,    2.80
143, 1, 1, 15, -26.76,  7.63, 27.59,    2.98
143, 2, 1, 15, -25.71,  5.56, 27.07,    2.80
143, 3, 1, 15, -20.18,  8.74, 30.60,    2.74
143, 4, 1, 15, -24.39,  7.02, 27.77,    2.82
143, 5, 1, 15, -23.60, 10.78, 25.00,    2.80
143, 6, 1, 15, -22.66, 10.02, 29.28,    2.79
143, 7, 1, 15, -24.54,  9.35, 25.57,    2.85
143, 8, 1, 15, -24.08,  9.74, 24.55,    2.81
143, 9, 1, 15, -26.48, -7.91, 28.61,    2.78
143, 10, 1, 15, -23.71, 10.46, 23.42,    2.78
143, 11, 1, 15, -25.02,  7.56, 26.64,    2.80
143, 12, 1, 15, -23.57, 11.07, 25.81,    2.81
143, 13, 1, 15, -24.60, 10.61, 24.27,    2.80
143, 14, 1, 15, -24.67, 10.88, 24.98,    2.81
143, 15, 1, 15, -23.25,  9.72, 25.56,    2.81
143, 16, 1, 15, -25.40, -0.80, 27.78,    2.80
143, 17, 1, 15, -23.94, 11.15, 25.88,    2.78
143, 18, 1, 15, -26.88, 15.16, 34.16,    2.81
143, 19, 1, 15, -26.39,  2.76, 25.02,    2.80
143, 20, 1, 15, -25.08,  8.38, 26.63,    2.83
143, 21, 1, 15, -23.26,  7.66, 31.23,    2.80
143, 22, 1, 15, -25.79,  3.61, 32.61,    2.79
143, 23, 1, 15, -27.03,  0.20, 25.51,    2.82
143, 24, 1, 15, -25.45,  5.91, 24.67,    2.81
143, 25, 1, 15, -24.04, 10.18, 25.17,    2.80
143, 26, 1, 15, -23.67,  7.05, 28.09,    2.81
143, 27, 1, 15, -24.77,  7.19, 27.54,    2.80
143, 28, 1, 15, -25.07, 10.38, 24.42,    2.84
143, 29, 1, 15, -24.49,  5.61, 30.13,    2.82
143, 30, 1, 15, -25.89, -1.53, 26.47,    2.80
143, 31, 1, 15, -23.25,  8.03, 29.12,    2.80
143, 32, 1, 15, -26.03,  7.08, 25.20,    2.79
148, 1, 1, 9, -19.41, 15.56, 21.91,    2.80
148, 2, 1, 9, -19.73, 28.94, 25.58,    2.75
148, 3, 1, 9, -20.16,  7.04, 26.08,    2.81
148, 4, 1, 9, -18.78,  7.27, 23.99,    2.81
148, 5, 1, 9, -18.82, 28.36, 22.15,    2.78
148, 6, 1, 9, -21.72,  5.32, 19.27,    2.80
148, 7, 1, 9, -18.37,  3.86, 21.54,    2.77
148, 8, 1, 9, -18.53,  2.59, 22.07,    2.82
148, 9, 1, 9, -21.20, -0.95, 13.95,    2.84
148, 10, 1, 9, -17.84,  2.92, 22.99,    2.81
148, 11, 1, 9, -20.28,  2.72, 22.02,    2.77
148, 12, 1, 9, -19.10,  2.94, 24.52,    2.78
148, 13, 1, 9, -19.11,  4.79, 19.72,    2.73
148, 14, 1, 9, -19.01, 38.32, 22.03,    2.73
148, 15, 1, 9, -19.50, 11.56, 22.48,    2.78
148, 16, 1, 9, -18.94, 18.64, 24.71,    2.77
148, 17, 1, 9, -16.94,  3.39, 23.50,    2.79
148, 18, 1, 9, -18.94, 17.70, 23.56,    2.76
148, 19, 1, 9, -18.31,  2.89, 22.44,    2.81
148, 20, 1, 9, -18.85, 22.92, 22.74,    2.81
148, 21, 1, 9, -19.83, 12.61, 24.82,    2.80
148, 22, 1, 9, -19.55, 23.58, 22.23,    2.79
148, 23, 1, 9, -19.65, -1.39, 18.58,    2.80
148, 24, 1, 9, -19.45, -1.46, 21.93,    2.78
148, 25, 1, 9, -17.76,  3.62, 21.81,    2.79
148, 26, 1, 9, -19.12, 20.84, 24.76,    2.79
148, 27, 1, 9, -20.10, 17.48, 21.42,    2.78
148, 28, 1, 9, -19.26,  5.66, 23.19,    2.79
148, 29, 1, 9, -18.80, 38.64, 22.07,    2.78
148, 1, 1, 15, -15.72,  5.23, 32.36,    2.78
148, 2, 1, 15, -18.46, 12.09, 25.01,    2.80
148, 3, 1, 15, -18.65,  2.22, 24.74,    2.80
148, 4, 1, 15, -18.90,  1.19, 26.67,    2.79
148, 5, 1, 15, -18.13,  2.77, 24.90,    2.75
148, 6, 1, 15, -16.18,  2.96, 29.11,    2.78
148, 7, 1, 15, -15.42,  3.52, 30.08,    2.81
148, 8, 1, 15, -17.57, 18.24, 28.75,    2.79
148, 9, 1, 15, -16.15,  3.37, 27.46,    2.78
148, 10, 1, 15, -18.12, -0.31, 26.30,    2.77
148, 11, 1, 15, -17.11,  3.68, 26.33,    2.80
148, 12, 1, 15, -17.94,  2.59, 26.79,    2.81
148, 13, 1, 15, -15.48,  3.51, 32.28,    2.78
148, 14, 1, 15, -18.56, -1.25, 26.38,    2.79
148, 15, 1, 15, -19.13,  9.72, 27.21,    2.80
148, 16, 1, 15, -16.98,  2.43, 25.66,    2.80
148, 17, 1, 15, -17.59, 17.94, 25.38,    2.76
148, 18, 1, 15, -16.31,  3.26, 26.24,    2.81
148, 19, 1, 15, -18.02, 19.29, 26.47,    2.77
148, 20, 1, 15, -17.68, 29.65, 24.92,    2.79
148, 21, 1, 15, -16.80,  3.84, 29.22,    2.81
148, 22, 1, 15, -18.53, -1.22, 25.00,    2.77
148, 23, 1, 15, -17.68, -0.53, 24.68,    2.79
148, 24, 1, 15, -15.68,  3.65, 28.58,    2.78
148, 25, 1, 15, -16.38,  7.30, 30.68,    2.80
148, 26, 1, 15, -17.32, -0.41, 25.18,    2.73
149, 1, 1, 15, -18.79,  0.16, 28.29,    2.78
149, 2, 1, 15, -18.75,  1.66, 29.50,    2.78
149, 3, 1, 15, -19.16,  0.56, 28.59,    2.72
149, 4, 1, 15, -18.09,  0.39, 31.20,    2.77
149, 5, 1, 15, -18.83,  0.95, 31.44,    2.78
149, 6, 1, 15, -17.45,  1.09, 30.25,    2.76
149, 7, 1, 15, -17.75,  7.87, 29.36,    2.75
149, 8, 1, 15, -19.14,  0.81, 25.50,    2.78
149, 9, 1, 15, -18.47,  1.12, 30.39,    2.78
149, 10, 1, 15, -18.48,  0.72, 29.54,    2.79
149, 11, 1, 15, -17.31,  2.47, 35.39,    2.75
149, 12, 1, 15, -16.83,  0.05, 33.73,    2.78
149, 13, 1, 15, -18.96, 19.65, 34.79,    2.73
149, 14, 1, 15, -18.08,  1.49, 27.87,    2.81
149, 15, 1, 15, -19.60, -4.12, 28.09,    2.77
149, 16, 1, 15, -17.03,  0.57, 32.55,    2.77
149, 17, 1, 15, -17.21,  0.85, 34.08,    2.75
149, 18, 1, 15, -17.88,  0.89, 25.95,    2.82
149, 19, 1, 15, -18.97,  1.74, 29.39,    2.73
149, 20, 1, 15, -18.32,  0.40, 25.34,    2.79
149, 21, 1, 15, -18.41,  1.14, 31.70,    2.79
149, 22, 1, 15, -18.95, 23.67, 35.97,    2.75
149, 23, 1, 15, -18.89,  0.86, 27.42,    2.80
149, 24, 1, 15, -17.55,  0.03, 30.56,    2.77
149, 25, 1, 15, -16.88,  0.76, 32.63,    2.77
149, 26, 1, 15, -19.18,  0.63, 24.90,    2.80
149, 27, 1, 15, -17.57,  0.57, 31.88,    2.80
149, 28, 1, 15, -18.12,  0.76, 30.57,    2.76
149, 29, 1, 15, -17.99,  1.12, 29.91,    2.80
149, 30, 1, 15, -18.11,  0.73, 27.94,    2.80
149, 31, 1, 15, -18.05, 18.38, 28.52,    2.73
149, 32, 1, 15, -18.00,  0.79, 30.19,    2.78
149, 33, 1, 15, -17.28, -0.06, 31.39,    2.78
150, 1, 1, 15, -17.85,  3.05, 31.90,    2.77
150, 2, 1, 15, -18.53, -0.51, 35.35,    2.82
150, 3, 1, 15, -22.66,  1.55, 29.71,    2.77
150, 4, 1, 15, -19.22,  3.59, 29.10,    2.77
150, 5, 1, 15, -17.33,  4.22, 34.84,    2.81
150, 6, 1, 15, -19.54, 18.98, 35.60,    2.76
150, 7, 1, 15, -18.43,  3.46, 32.02,    2.79
150, 8, 1, 15, -18.50,  3.69, 33.53,    2.81
150, 9, 1, 15, -18.28,  2.91, 34.80,    2.82
150, 10, 1, 15, -18.23, -0.12, 35.41,    2.80
150, 11, 1, 15, -17.69,  3.40, 38.44,    2.82
150, 12, 1, 15, -19.34,  2.37, 31.70,    2.77
150, 13, 1, 15, -18.94, 22.27, 35.93,    2.78
150, 14, 1, 15, -16.91,  5.28, 37.48,    2.83
150, 15, 1, 15, -21.67, -2.74, 26.56,    2.78
150, 16, 1, 15, -18.76,  3.78, 33.83,    2.83
150, 17, 1, 15, -19.48,  3.00, 34.07,    2.78
150, 18, 1, 15, -19.22,  5.42, 35.38,    2.78
150, 19, 1, 15, -19.12,  5.57, 35.85,    2.77
150, 20, 1, 15, -18.64,  2.95, 32.38,    2.79
150, 21, 1, 15, -21.44,  8.82, 36.61,    2.75
150, 22, 1, 15, -18.66, 32.51, 36.44,    2.77
150, 23, 1, 15, -19.31,  3.38, 33.58,    2.76
150, 24, 1, 15, -18.54, 29.85, 37.69,    2.79
150, 25, 1, 15, -18.39, -1.10, 35.66,    2.79
150, 26, 1, 15, -17.62,  2.38, 32.65,    2.81
150, 27, 1, 15, -18.68,  2.90, 33.98,    2.80
150, 28, 1, 15, -18.03, 22.42, 41.35,    2.78
150, 29, 1, 15, -16.80,  3.02, 35.84,    2.81
150, 30, 1, 15, -17.61, 17.10, 37.70,    2.73
150, 31, 1, 15, -18.71,  3.25, 32.63,    2.77
150, 32, 1, 15, -18.80,  8.80, 35.37,    2.82
150, 33, 1, 15, -18.57, -0.63, 36.43,    2.78
150, 34, 1, 15, -18.49, 23.17, 36.50,    2.79
150, 35, 1, 15, -18.52, -0.92, 36.85,    2.80
150, 36, 1, 15, -19.48, 17.64, 34.99,    2.79
150, 37, 1, 15, -19.17,  2.90, 33.03,    2.80
150, 38, 1, 15, -17.89,  6.17, 36.36,    2.78
150, 39, 1, 15, -18.62, 22.81, 38.56,    2.78
160, 1, 1, 9, -8.19,  0.98, 23.69,    2.76
160, 2, 1, 9, -11.14, -0.18, 18.45,    2.80
160, 3, 1, 9, -10.71,  0.16, 17.79,    2.82
160, 4, 1, 9, -9.77,  1.22, 24.09,    2.80
160, 5, 1, 9, -8.00, -0.17, 24.93,    2.75
160, 6, 1, 9, -9.01,  0.91, 22.37,    2.77
160, 7, 1, 9, -8.54,  0.97, 24.28,    2.77
160, 8, 1, 9, -8.81,  2.00, 20.92,    2.78
160, 9, 1, 9, -9.59,  1.34, 23.87,    2.76
160, 10, 1, 9, -10.28,  1.44, 20.74,    2.78
160, 11, 1, 9, -9.10,  0.92, 24.20,    2.76
160, 12, 1, 9, -9.17,  1.24, 22.30,    2.80
160, 13, 1, 9, -9.28,  0.17, 24.02,    2.82
160, 14, 1, 9, -16.26, 12.09, 22.39,    2.70
160, 15, 1, 9, -8.74,  1.07, 24.09,    2.78
160, 1, 1, 15, -6.88,  0.58, 26.94,    2.85
160, 2, 1, 15, -9.25,  0.91, 25.67,    2.74
160, 3, 1, 15, -8.55,  0.21, 33.90,    2.79
160, 4, 1, 15, -8.55,  0.74, 25.99,    2.77
160, 5, 1, 15, -7.03,  0.50, 29.98,    2.79
160, 6, 1, 15, -7.89, -0.41, 26.12,    2.82
160, 7, 1, 15, -5.99,  0.35, 30.34,    2.81
160, 8, 1, 15, -9.91, -0.13, 26.15,    2.79
160, 9, 1, 15, -8.33,  1.06, 29.06,    2.78
160, 10, 1, 15, -8.22,  1.00, 26.92,    2.84
160, 11, 1, 15, -7.83,  0.86, 30.31,    2.78
160, 12, 1, 15, -8.78,  1.26, 29.11,    2.76
160, 13, 1, 15, -8.49,  1.05, 28.92,    2.84
160, 14, 1, 15, -8.48,  0.77, 27.08,    2.77
160, 15, 1, 15, -7.16,  0.55, 33.05,    2.77
160, 16, 1, 15, -19.74, -4.22, 72.66,    2.51
160, 17, 1, 15, -5.99,  0.41, 31.36,    2.77
160, 18, 1, 15, -8.11, -0.31, 30.15,    2.81
160, 19, 1, 15, -8.72,  1.01, 26.74,    2.77
160, 20, 1, 15, -7.73, -0.30, 35.24,    2.83
160, 21, 1, 15, -6.60,  0.61, 28.32,    2.88
160, 22, 1, 15, -20.28,  5.43, 73.62,    2.48
160, 23, 1, 15, -9.11, -0.51, 27.91,    2.75
160, 24, 1, 15, -8.13,  1.38, 28.24,    2.76
161, 1, 1, 15, -8.44,  1.29, 38.59,    2.79
161, 2, 1, 15, -8.90,  0.88, 38.44,    2.68
161, 3, 1, 15, -9.84,  1.07, 33.19,    2.75
161, 4, 1, 15, -9.18, -0.71, 37.53,    2.80
161, 5, 1, 15, -8.82,  0.68, 33.97,    2.75
161, 6, 1, 15, -9.81,  1.44, 32.53,    2.78
161, 7, 1, 15, -17.09, 27.11, 31.74,    2.61
161, 8, 1, 15, -10.26,  0.93, 32.40,    2.75
161, 9, 1, 15, -9.62,  1.22, 34.02,    2.74
161, 10, 1, 15, -9.49,  1.21, 34.36,    2.73
161, 11, 1, 15, -8.89,  1.07, 34.85,    2.76
161, 12, 1, 15, -13.97,  0.16, 31.09,    2.76
161, 13, 1, 15, -9.43,  0.81, 33.54,    2.78
161, 14, 1, 15, -10.25,  1.39, 33.34,    2.77
161, 15, 1, 15, -8.92,  1.00, 34.00,    2.78
161, 16, 1, 15, -9.47,  1.35, 35.74,    2.77
161, 17, 1, 15, -10.10, -0.64, 32.76,    2.78
161, 18, 1, 15, -8.48, -0.47, 35.14,    2.79
161, 19, 1, 15, -9.02,  1.21, 33.79,    2.75
161, 20, 1, 15, -8.25,  1.20, 35.57,    2.77
161, 21, 1, 15, -9.59,  1.31, 34.55,    2.76
161, 22, 1, 15, -7.97,  1.15, 37.86,    2.78
161, 23, 1, 15, -9.12,  0.73, 33.65,    2.74
161, 24, 1, 15, -9.84,  0.57, 32.48,    2.76
161, 25, 1, 15, -9.28,  0.66, 35.03,    2.79
161, 26, 1, 15, -8.24,  1.24, 35.33,    2.74
161, 27, 1, 15, -8.94,  1.28, 32.99,    2.82
161, 28, 1, 15, -9.75,  0.71, 31.37,    2.77
161, 29, 1, 15, -9.10,  1.19, 34.57,    2.77
161, 30, 1, 15, -10.85,  1.01, 30.52,    2.78
161, 31, 1, 15, -8.74,  1.01, 34.55,    2.77
161, 32, 1, 15, -9.00,  1.02, 33.50,    2.77
161, 33, 1, 15, -6.83,  0.78, 36.39,    2.77
161, 34, 1, 15, -6.00,  0.09, 37.63,    3.00
161, 35, 1, 15, -9.40,  0.94, 32.52,    2.73
161, 36, 1, 15, -8.59,  0.68, 36.44,    2.75
161, 37, 1, 15, -8.76,  0.65, 34.33,    2.79
161, 38, 1, 15, -10.58,  1.20, 32.47,    2.78
161, 39, 1, 15, -10.06,  1.08, 30.17,    2.74
161, 40, 1, 15, -8.19,  0.29, 35.93,    2.79
161, 41, 1, 15, -7.47,  0.51, 37.90,    2.75
161, 42, 1, 15, -10.37,  1.60, 33.30,    2.74
161, 43, 1, 15, -9.07,  1.05, 35.62,    2.77
161, 44, 1, 15, -9.09,  1.33, 32.74,    2.79
161, 45, 1, 15, -9.39,  0.86, 30.56,    2.74
161, 46, 1, 15, -8.75,  0.89, 33.18,    2.76
161, 47, 1, 15, -8.36,  0.83, 35.27,    2.76
161, 48, 1, 15, -10.62, -0.40, 29.11,    2.77
161, 49, 1, 15, -13.96,  7.51, 46.04,    2.54
